S,B,is_validation,status,latency_s,latency_p10_s,latency_p90_s,n_latency,memory_bytes,memory_before_bytes,reserved_bytes,energy_j,avg_power_w,flops_counted
32,1,0,ok,0.0006817759871482849,0.0006728064119815826,0.0007149504244327545,200,18763776,13742080,25165824,0.019662426169922764,44.250729741076185,18450432
32,2,0,ok,0.0007700320184230805,0.0006817888021469116,0.0008008704245090484,200,18874368,13754368,25165824,0.026252566735112937,43.174318942530135,36900864
32,4,0,ok,0.0005017600059509278,0.0004710400104522705,0.000563350397348404,200,19095552,13778944,25165824,0.02303411371237458,49.09180478345731,73801728
32,8,0,ok,0.0004945599883794784,0.000470902407169342,0.0005548320114612579,200,19537920,13828096,25165824,0.026243653148697657,49.31363901587883,147603456
32,16,0,ok,0.0005010879933834075,0.00045849599242210387,0.0007957536220550537,200,14843904,13926400,25165824,0.02305310621242485,53.8738731211768,295206912
32,32,0,ok,0.0005908000171184541,0.000582636821269989,0.0006179967999458313,200,15958016,14123008,27262976,0.03564159117762899,70.31126145275377,590413824
32,64,0,ok,0.0007769600152969361,0.0007393280267715454,0.0008097344100475311,200,18186240,14516224,27262976,0.050232522009321594,68.83960812877388,1180827648
32,111,1,ok,0.001888592004776001,0.0018574975490570067,0.0019146592378616334,200,52963840,15093760,62914560,0.13048805031446542,68.26662189420385,2047997952
32,128,0,ok,0.0020963200330734255,0.0020643520116806033,0.00212608323097229,200,59342848,15302656,67108864,0.14556983240223462,69.20722534401376,2361655296
32,133,1,ok,0.0021935999393463135,0.0021574113130569455,0.0022288480520248413,200,61665280,15364096,67108864,0.15181286549707604,68.46153299747586,2453907456
32,139,1,ok,0.0022855679988861084,0.0022439968347549443,0.002302339267730713,200,62755328,15437824,69206016,0.1581689497716895,69.28374394569744,2564610048
32,256,0,ok,0.003976448059082031,0.0039026815891265868,0.0040532864570617675,137,103669760,16875520,125829120,0.27351058201058204,69.0987603022565,4723310592
64,1,0,ok,0.0005230399966239929,0.0004888640105724335,0.0008707200109958648,200,23969792,13778944,25165824,0.02498291492329149,52.768094402973226,72861696
64,2,0,ok,0.0005267359912395478,0.0004976576030254364,0.0006947167932987213,200,24117248,13828096,25165824,0.028060393258426967,58.539051978717005,145723392
64,4,0,ok,0.0005274240076541901,0.0004982688099145889,0.0005959904074668884,200,24903680,13926400,37748736,0.034175395430579965,64.50276772494028,291446784
64,8,0,ok,0.0006846239864826203,0.0006476799845695496,0.000794160008430481,200,17793536,14123008,27262976,0.03733774532177088,57.669402131069,582893568
64,16,0,ok,0.0008449440002441407,0.0006783775866031647,0.000925923216342926,200,19497472,14516224,27262976,0.03846790540540541,73.0082187448178,1165787136
64,32,0,ok,0.0008826879858970642,0.0008416799724102021,0.0008944544017314911,200,22642688,15302656,27262976,0.05651823529411765,65.91917148729834,2331574272
64,64,0,ok,0.001510047972202301,0.0013890944123268127,0.0015278079509735108,200,32210944,16875520,46137344,0.1031800804828974,69.26563635744235,4663148544
64,111,1,ok,0.004163392066955566,0.004118566274642944,0.004206524801254272,128,68098560,19185664,75497472,0.28537396121883657,67.11128560016128,8087648256
64,128,0,ok,0.004777984142303467,0.004732294321060181,0.004832294511795044,112,76644352,20021248,81788928,0.3286082802547771,67.39610630218881,9326297088
64,133,1,ok,0.005009247779846192,0.004943097591400146,0.005080883121490479,107,79642624,20267008,85983232,0.34192999999999996,67.5806651816396,9690605568
64,139,1,ok,0.005149840116500854,0.005084716749191285,0.005209321784973144,102,82199040,20561920,88080384,0.3735856164383562,71.83065387255209,10127775744
64,256,0,ok,0.009328783988952637,0.009247968196868897,0.009381423950195313,56,138272768,26312704,150994944,0.6370807453416149,68.38549126377124,18652594176
80,1,1,ok,0.0005138079822063446,0.00048735680878162385,0.0005529599785804749,200,24052736,13806592,25165824,0.026201712328767123,55.10532585833153,113670144
80,2,1,ok,0.0005977759957313537,0.0005837119817733765,0.000637420779466629,200,24283136,13883392,25165824,0.03205617529880478,65.10583924716997,227340288
80,4,1,ok,0.0005574080049991607,0.0005345280170440674,0.0006022719979286194,200,25235456,14036992,39845888,0.033287890044576524,65.15012502428293,454680576
80,8,1,ok,0.0005324800014495849,0.0005143071889877319,0.000889353597164154,200,18752000,14344192,27262976,0.03402200141944641,68.88250329388605,909361152
80,16,1,ok,0.0008088800013065338,0.0007660096049308776,0.0008458240032196045,200,20692992,14958592,27262976,0.05525175202156334,70.30049701618735,1818722304
80,32,1,ok,0.0012595200538635255,0.0011263391733169557,0.001325436782836914,200,27656192,16187392,46137344,0.08533249370277078,67.49840034250492,3637444608
80,64,1,ok,0.0024309599399566654,0.0023353375434875486,0.0024986783504486083,200,41582592,18644992,60817408,0.16482038834951457,67.50691428927823,7274889216
80,111,1,ok,0.007135135889053345,0.007077596664428711,0.00721415982246399,72,79556096,22254592,83886080,0.48434123222748815,66.90571749481269,12617385984
80,128,1,ok,0.008035679817199708,0.007973401737213134,0.008142098999023437,67,90931200,23822336,92274688,0.5488663101604279,67.33475654298321,14549778432
80,133,1,ok,0.008547183990478515,0.00846005401611328,0.00862260513305664,60,93150208,23944192,115343360,0.5848409090909091,67.86551996900151,15118129152
80,139,1,ok,0.008902079582214355,0.008729324913024902,0.009014483261108399,59,96527872,24404992,111149056,0.6102840236686391,68.65264588217973,15800150016
80,256,1,ok,0.01593126392364502,0.01570512008666992,0.01626316833496094,31,223707136,33390592,329252864,1.1557894736842105,71.51249621831397,29099556864
128,1,0,ok,0.0008273920118808747,0.0007179168283939361,0.0011033280372619628,200,24412160,13926400,25165824,0.040382790954219525,67.66645194162258,290506752
128,2,0,ok,0.0005307520031929017,0.0005024479985237122,0.0005613952040672301,200,17794048,14123008,27262976,0.0335221082419526,67.188574332486,581013504
128,4,0,ok,0.0005583679974079131,0.0005283135831356049,0.0005816320180892944,200,19497984,14516224,27262976,0.03549832526981764,67.73348914592145,1162027008
128,8,0,ok,0.0009477119743824005,0.0008997407972812652,0.0009586239993572234,200,22642688,15302656,27262976,0.06018635502210992,64.68791981352588,2324054016
128,16,0,ok,0.0015257760286331178,0.0014130688309669495,0.001568569576740265,200,32210944,16875520,46137344,0.09642378048780488,63.09919076273641,4648108032
128,32,0,ok,0.0029900801181793214,0.002902185559272766,0.003011107158660889,194,49381376,20021248,62914560,0.18836653386454183,63.10866681539456,9296216064
128,64,0,ok,0.005764575958251953,0.005584076976776123,0.0059218496322631835,99,119316480,26312704,157286400,0.36424521072796934,64.02399697096237,18592432128
128,111,1,ok,0.014090240001678467,0.013971696376800537,0.014241024017333985,36,196878336,35553280,291504128,1.0225327102803738,71.14577566291682,32246249472
128,128,0,ok,0.016259071350097656,0.01600716781616211,0.016489728927612305,31,223518720,38895616,327155712,1.1029677419354837,66.82980394099533,37184864256
128,133,1,ok,0.017396127700805664,0.016961478805541993,0.017858938217163084,29,243171328,39878656,352321536,1.1790459770114943,66.78302717915878,38637398016
128,139,1,ok,0.018020288467407226,0.017737254333496096,0.018508396530151367,27,246710272,41058304,360710144,1.218392857142857,66.7707942670818,40380438528
128,256,0,ok,0.03372236633300781,0.0332302719116211,0.03407946853637695,15,431923200,64061440,624951296,2.278222222222222,67.58160509633244,74369728512
208,1,1,ok,0.000862064003944397,0.0006873856008052826,0.0009783424258232116,200,18340352,14248960,27262976,0.04640264215967835,67.85360121950366,766605312
208,2,1,ok,0.0007100320160388947,0.0006731967985630035,0.0009336864233016967,200,20590080,14768128,27262976,0.047962612399432086,67.0504417962817,1533210624
208,4,1,ok,0.00117631995677948,0.0011095519781112672,0.001189456009864807,200,25497600,15806464,46137344,0.07918808777429467,67.78425281538735,3066421248
208,8,1,ok,0.0022109760046005247,0.00215449595451355,0.0022740384578704836,200,37265408,17883136,58720256,0.13893078055964656,63.16934048932726,6132842496
208,16,1,ok,0.00419052791595459,0.0041550975799560545,0.00425022087097168,137,61718528,22036480,69206016,0.26596648044692733,63.593047411984735,12265684992
208,32,1,ok,0.007456768035888672,0.007174963188171387,0.0077052097320556645,77,140795904,30507008,201326592,0.5038514851485149,66.27414692158564,24531369984
208,64,1,ok,0.01500598430633545,0.014811327743530273,0.015171513366699219,33,265650176,47284224,369098752,1.0199500000000001,67.3518959657725,49062739968
208,111,1,ok,0.036619169235229496,0.03626438064575195,0.03700878372192383,14,450415616,71357440,656408576,2.492512195121951,66.62115135091761,85093189632
208,128,1,ok,0.041717344284057614,0.0411885009765625,0.042500583648681645,12,514170880,80838656,748683264,2.843972222222222,66.79934610641192,98125479936
208,133,1,ok,0.045462495803833006,0.04435947914123535,0.046050350189208986,12,559153152,82935808,799014912,3.098181818181818,67.52904890438886,101958506496
208,139,1,ok,0.04692934417724609,0.04629353713989258,0.04802352142333984,11,568402944,85894144,819986432,3.1910625,67.3022657829744,106558138368
208,256,1,ok,0.09099430465698242,0.09046635513305665,0.09162607955932617,10,1013284864,146636800,1461714944,6.009823529411765,65.8754112912504,196250959872
224,1,0,ok,0.0007635519802570343,0.0007085567772388458,0.0008358367741107941,200,18699776,14331904,27262976,0.05096793893129771,66.75453160570446,889030656
224,2,0,ok,0.0008189920186996459,0.000659721601009369,0.0010654240131378174,200,21308928,14934016,27262976,0.047985807860262006,66.01935992233787,1778061312
224,4,0,ok,0.0012761760354042054,0.0011619968295097352,0.0013012736082077027,200,27377664,16138240,46137344,0.08590986394557823,67.32372947371498,3556122624
224,8,0,ok,0.0024821760654449463,0.0024077055931091313,0.0025231359004974367,200,41025536,18546688,60817408,0.16743305785123966,67.44679044519555,7112245248
224,16,0,ok,0.00493174409866333,0.004663667106628418,0.005077664089202881,115,68780032,23822336,73400320,0.3328655737704918,67.60020082114764,14224490496
224,32,0,ok,0.009808480262756348,0.009532390785217285,0.009974713706970215,59,174673920,32997376,245366784,0.6616209150326797,67.0529477195005,28448980992
224,64,0,ok,0.018767279624938966,0.018177599906921388,0.018992143630981444,26,335904768,52264960,452984832,1.2675125,67.30482695369751,56897961984
224,111,1,ok,0.04906393432617188,0.04822118377685547,0.05004521560668945,11,572041216,80838656,801112064,3.2656451612903226,65.80399637046683,98682402816
224,128,0,ok,0.05533059120178223,0.054742662048339844,0.0564934513092041,10,655458304,91324416,912261120,3.8644285714285713,69.12171579462174,113795923968
224,133,1,ok,0.060507408142089845,0.060213982391357425,0.0617792839050293,10,713443328,93810688,985661440,4.0526,66.6659225929824,118241077248
224,139,1,ok,0.061764543533325195,0.06129147796630859,0.06218155632019043,10,725121024,97615872,1008730112,4.32144,68.68007890656546,123575261184
224,256,0,ok,0.11755001831054687,0.11528733673095704,0.11907377014160156,10,1292992512,168919040,1795162112,7.778846153846154,65.94774879616529,227591847936
256,1,0,ok,0.0005729120075702668,0.000550902420282364,0.0006333407938480377,200,19499008,14516224,27262976,0.03592058037418862,67.99607458623994,1161086976
256,2,0,ok,0.0008541280031204223,0.0007281632065773009,0.0008716864168643951,200,22906880,15302656,27262976,0.05666363118952761,67.30986064192672,2322173952
256,4,0,ok,0.0015729280114173889,0.0014396127939224244,0.0016456256389617918,200,32210944,16875520,46137344,0.10493186582809225,66.77240962593723,4644347904
256,8,0,ok,0.003167936086654663,0.003107583999633789,0.0032030720710754393,181,49381376,20021248,62914560,0.21230590717299577,67.55746249130681,9288695808
256,16,0,ok,0.00598795199394226,0.005801142406463623,0.00615739221572876,100,119316480,26312704,157286400,0.4030119521912351,66.58840744867675,18577391616
256,32,0,ok,0.012091711997985841,0.011935523319244384,0.012294937801361084,44,223518720,38895616,304087040,0.8085119999999999,66.23328412555703,37154783232
256,64,0,ok,0.024527551651000977,0.023728160858154296,0.024967168807983397,21,431923200,64061440,578813952,1.6284032258064516,66.45985196653017,74309566464
256,111,1,ok,0.06367524909973145,0.06259424514770508,0.06446018905639649,10,744529920,101810176,1025507328,4.209583333333334,65.81207924048083,128880654336
256,128,0,ok,0.07146641540527343,0.0707282958984375,0.07281104431152344,10,848732160,114393088,1170210816,4.808285714285715,66.42237903999802,148619132928
256,133,1,ok,0.07779428863525391,0.07730814208984375,0.07890637283325196,10,928612352,118587392,1262485504,5.38585,68.65916108371985,154424567808
256,139,1,ok,0.08119302368164062,0.08025369567871095,0.08144490280151367,10,943030272,123043840,1291845632,5.325157894736842,65.85426601283149,161391089664
256,256,0,ok,0.14528099060058594,0.14424447631835938,0.14682312774658202,10,1683062784,215056384,1694498816,9.793090909090909,66.71884226628596,297238265856
304,1,1,ok,0.0007292799949645996,0.0007051167845726013,0.0007950783908367157,200,20897280,14838784,27262976,0.045434127369956244,64.44829579715693,1637185536
304,2,1,ok,0.0013168320059776307,0.00119854074716568,0.001343782389163971,200,26779648,15947776,46137344,0.08745701754385965,66.54723251384866,3274371072
304,4,1,ok,0.002370815992355347,0.0023407647371292114,0.0024679359197616576,200,39620608,18165760,58720256,0.15806161137440758,66.29218067837225,6548742144
304,8,1,ok,0.00461739182472229,0.004495951890945434,0.004709478282928467,130,64004096,22601728,71303168,0.30980307692307696,66.21453288478416,13097484288
304,16,1,ok,0.008596192359924317,0.008389247703552245,0.008962803077697753,65,153698304,31473664,216006656,0.5753085714285714,66.7251278614739,26194968576
304,32,1,ok,0.017370800018310546,0.017085692787170408,0.01784403533935547,28,291143680,49381376,400556032,1.156689655172414,66.19240846152913,52389937152
304,64,1,ok,0.03531158447265625,0.03468645782470703,0.035487903594970706,15,565706752,85032960,771751936,2.3430232558139537,66.87934839358938,104779874304
304,111,1,ok,0.09113694381713867,0.08992076797485352,0.09311370010375977,10,973778944,137461760,1354760192,6.327470588235293,68.7167118511103,181727594496
304,128,1,ok,0.10308884811401367,0.10254498672485352,0.10496171264648438,10,1114464256,156336128,1549795328,7.164733333333333,68.69774025606634,209559748608
304,133,1,ok,0.11123558425903321,0.11019073028564454,0.11175079956054687,10,1216093184,161225728,1665138688,7.176214285714286,63.698736473646484,217745676288
304,139,1,ok,0.11621774291992187,0.11490892944335937,0.1185354263305664,10,1236387840,168919040,1709178880,7.739307692307692,66.42825794590091,227568789504
304,256,1,ok,0.22122598266601562,0.22063209686279298,0.22202996215820311,10,1623556096,297631744,1637875712,14.37257142857143,64.59390537575247,419119497216
320,1,1,ok,0.0007738400101661683,0.0007428191840648652,0.0008019231736660004,200,21416448,14958592,27262976,0.0515291387313048,67.98221891333762,1814022144
320,2,1,ok,0.0014192319512367248,0.0012594784498214722,0.0014496703982353211,200,27656192,16187392,46137344,0.09432071901608326,67.3380010351307,3628044288
320,4,1,ok,0.0025638400316238402,0.002499852800369263,0.002581401491165161,200,41582592,18644992,60817408,0.17101877133105803,66.79777596765857,7256088576
320,8,1,ok,0.0051838400363922125,0.005040207862854004,0.0052729761600494385,116,70746112,23822336,73400320,0.36834137931034483,70.59932290584209,14512177152
320,16,1,ok,0.009599663734436034,0.009423078441619874,0.009769184398651124,60,159744000,33390592,226492416,0.6383503184713376,66.50908735975837,29024354304
320,32,1,ok,0.018917327880859376,0.018636287689208983,0.019263792037963866,26,303136768,53575680,419430400,1.2507875,65.49007507019614,58048708608
320,64,1,ok,0.03829558563232422,0.03764499053955078,0.039002419281005854,13,588513280,93421568,811597824,2.666075,69.15858205276615,116097417216
320,111,1,ok,0.10389870452880859,0.10282296829223633,0.10539765930175782,10,1013630976,150126592,1430257664,7.144,68.06299665801944,201356457984
320,128,1,ok,0.11704019165039062,0.11631757049560547,0.11906732482910155,10,1159815168,171016192,1631584256,7.7112307692307684,64.8963297155237,232194834432
320,133,1,ok,0.12682257461547852,0.12525497283935547,0.12822163238525391,10,1263632384,177307648,1753219072,8.359416666666666,65.6266448797005,241264945152
320,139,1,ok,0.13163085174560546,0.12953985290527342,0.1325837631225586,10,1286160384,184532992,1801453568,8.912666666666667,67.35566641471826,252149078016
320,256,1,ok,0.2528088989257813,0.25244466705322266,0.2531546524047852,10,1796308992,328302592,1807745024,16.766000000000002,66.20137524913747,464389668864
384,1,0,ok,0.0009911839962005616,0.000976892787218094,0.0010195135831832884,200,23822336,15499264,46137344,0.06545772787318362,67.02904102613441,2612054016
384,2,0,ok,0.0018540319800376894,0.0017201151847839355,0.001870243227481842,200,33783808,17268736,46137344,0.1232,66.50180812986683,5224108032
384,4,0,ok,0.0035535359382629396,0.0033418559074401854,0.0036276415824890136,179,53837824,20807680,65011712,0.2361158392434988,65.27834898593402,10448216064
384,8,0,ok,0.007523488044738769,0.00741266565322876,0.007648249530792237,77,95125504,28409856,96468992,0.50031,66.5361745431996,20896432128
384,16,0,ok,0.014416672229766846,0.014165577697753905,0.014691542053222656,38,227639296,43089920,314572800,0.9507619047619047,66.1588832215073,41792864256
384,32,0,ok,0.02835991954803467,0.027959974098205567,0.02905867576599121,18,436260864,70352896,599785472,1.8883962264150942,66.12865421683627,83585728512
384,64,0,ok,0.057928462982177735,0.05678277473449707,0.0582449520111084,10,857407488,126976000,1172307968,3.8459615384615384,66.64583018338556,167171457024
384,111,1,ok,0.15022032165527344,0.14810909118652343,0.1516398208618164,10,1484802048,210862080,2059403264,9.977,66.14330537074977,289937995776
384,128,0,ok,0.16965363311767578,0.16797754516601562,0.1709495635986328,10,1699840000,240222208,1711276032,11.099666666666668,64.99593927138751,334342914048
384,133,1,ok,0.18306298828125,0.1819168243408203,0.18380233154296874,10,1853390848,249069568,1866465280,12.599555555555556,68.61566798249154,347403184128
384,139,1,ok,0.19046409606933593,0.1891022964477539,0.19111721801757814,10,1884061696,259686400,1900019712,12.514,66.03013624995171,363075508224
384,256,0,OOM,,,,,,,,,,668685828096
512,1,0,ok,0.0016608319878578185,0.0014694463968276978,0.001680137574672699,200,32210944,16875520,46137344,0.10942367256637167,67.53672314697997,4643407872
512,2,0,ok,0.0031989279985427856,0.0030772958993911742,0.0032913280725479126,186,49381376,20021248,62914560,0.21317057569296377,66.8051093423233,9286815744
512,4,0,ok,0.006559711933135986,0.006352467250823975,0.0067540224075317385,87,85032960,26312704,88080384,0.4358209606986899,66.22904387412719,18573631488
512,8,0,ok,0.0132391037940979,0.013027753639221191,0.013449343872070313,38,156336128,38895616,167772160,0.8743157894736842,65.69091089433218,37147262976
512,16,0,ok,0.024818880081176758,0.024543174934387207,0.02510440711975098,20,399734784,64061440,547356672,1.7444426229508196,69.84430528738629,74294525952
512,32,0,ok,0.05024923133850098,0.04988465576171875,0.050994587326049806,10,784355328,114393088,1065353216,3.3253,65.94770523678724,148589051904
512,64,0,ok,0.10016177368164063,0.09903917083740234,0.10199265518188476,10,1553596416,215056384,2103443456,6.651866666666667,65.91031934045834,297178103808
512,111,1,ok,0.278749282836914,0.27710514526367186,0.28021438293457035,10,1993441280,363954176,2004877312,18.8725,67.09833890834267,515418273792
512,128,0,OOM,,,,,,,,,,594356207616
512,133,1,OOM,,,,,,,,,,617573246976
512,139,1,OOM,,,,,,,,,,645433694208
512,256,0,OOM,,,,,,,,,,1188712415232
